{
	"errata1":	1,
	"fsyncMode":	-1,
	"mipiOutputSpeed":	-1,
	"enableTempCompensation":	-1,
	"enableEdgeConfidence":	-1,
	"0":	{
		"depth-compute":	{
			"abThreshMin":	20,
			"bitsInAB":	16,
			"bitsInConf":	8,
			"bitsInPhaseOrDepth":	16,
			"confThresh":	25,
			"depthComputeIspEnable":	1,
			"inputFormat":	"raw8",
			"interleavingEnable":	1,
			"jblfABThreshold":	10,
			"jblfApplyFlag":	1,
			"jblfExponentialTerm":	5,
			"jblfGaussianSigma":	10,
			"jblfMaxEdge":	12,
			"jblfWindowSize":	5,
			"partialDepthEnable":	0,
			"phaseInvalid":	0,
			"radialThreshMax":	10000,
			"radialThreshMin":	100
		},
		"configuration-parameters":	{
			"fps":	40,
			"headerSize":	128,
			"xyzEnable":	1
		}
	},
	"1":	{
		"depth-compute":	{
			"abThreshMin":	20,
			"bitsInAB":	16,
			"bitsInConf":	8,
			"bitsInPhaseOrDepth":	16,
			"confThresh":	25,
			"depthComputeIspEnable":	1,
			"inputFormat":	"raw8",
			"interleavingEnable":	1,
			"jblfABThreshold":	10,
			"jblfApplyFlag":	1,
			"jblfExponentialTerm":	5,
			"jblfGaussianSigma":	10,
			"jblfMaxEdge":	12,
			"jblfWindowSize":	5,
			"partialDepthEnable":	0,
			"phaseInvalid":	0,
			"radialThreshMax":	10000,
			"radialThreshMin":	100
		},
		"configuration-parameters":	{
			"fps":	40,
			"headerSize":	128,
			"xyzEnable":	1
		}
	},
	"3":	{
		"depth-compute":	{
			"abThreshMin":	20,
			"bitsInAB":	16,
			"bitsInConf":	8,
			"bitsInPhaseOrDepth":	16,
			"confThresh":	25,
			"depthComputeIspEnable":	1,
			"inputFormat":	"raw8",
			"interleavingEnable":	1,
			"jblfABThreshold":	10,
			"jblfApplyFlag":	1,
			"jblfExponentialTerm":	5,
			"jblfGaussianSigma":	10,
			"jblfMaxEdge":	12,
			"jblfWindowSize":	5,
			"partialDepthEnable":	0,
			"phaseInvalid":	0,
			"radialThreshMax":	10000,
			"radialThreshMin":	100
		},
		"configuration-parameters":	{
			"fps":	4,
			"headerSize":	128,
			"xyzEnable":	1
		}
	},
	"4":	{
		"depth-compute":	{
			"abThreshMin":	0,
			"bitsInAB":	0,
			"bitsInConf":	0,
			"bitsInPhaseOrDepth":	0,
			"confThresh":	0,
			"depthComputeIspEnable":	0,
			"inputFormat":	"mipiRaw12_8",
			"interleavingEnable":	0,
			"jblfABThreshold":	0,
			"jblfApplyFlag":	0,
			"jblfExponentialTerm":	0,
			"jblfGaussianSigma":	0,
			"jblfMaxEdge":	0,
			"jblfWindowSize":	0,
			"partialDepthEnable":	0,
			"phaseInvalid":	0,
			"radialThreshMax":	0,
			"radialThreshMin":	0
		},
		"configuration-parameters":	{
			"fps":	15,
			"headerSize":	0,
			"xyzEnable":	0
		}
	},
	"5":	{
		"depth-compute":	{
			"abThreshMin":	20,
			"bitsInAB":	16,
			"bitsInConf":	8,
			"bitsInPhaseOrDepth":	16,
			"confThresh":	25,
			"depthComputeIspEnable":	1,
			"inputFormat":	"raw8",
			"interleavingEnable":	1,
			"jblfABThreshold":	10,
			"jblfApplyFlag":	1,
			"jblfExponentialTerm":	5,
			"jblfGaussianSigma":	10,
			"jblfMaxEdge":	12,
			"jblfWindowSize":	5,
			"partialDepthEnable":	0,
			"phaseInvalid":	0,
			"radialThreshMax":	10000,
			"radialThreshMin":	100
		},
		"configuration-parameters":	{
			"fps":	40,
			"headerSize":	128,
			"xyzEnable":	1
		}
	},
	"6":	{
		"depth-compute":	{
			"abThreshMin":	20,
			"bitsInAB":	16,
			"bitsInConf":	8,
			"bitsInPhaseOrDepth":	16,
			"confThresh":	25,
			"depthComputeIspEnable":	1,
			"inputFormat":	"raw8",
			"interleavingEnable":	1,
			"jblfABThreshold":	10,
			"jblfApplyFlag":	1,
			"jblfExponentialTerm":	5,
			"jblfGaussianSigma":	10,
			"jblfMaxEdge":	12,
			"jblfWindowSize":	5,
			"partialDepthEnable":	0,
			"phaseInvalid":	0,
			"radialThreshMax":	10000,
			"radialThreshMin":	100
		},
		"configuration-parameters":	{
			"fps":	40,
			"headerSize":	128,
			"xyzEnable":	1
		}
	},
	"7":	{
		"depth-compute":	{
			"abThreshMin":	20,
			"bitsInAB":	16,
			"bitsInConf":	8,
			"bitsInPhaseOrDepth":	16,
			"confThresh":	25,
			"depthComputeIspEnable":	1,
			"inputFormat":	"raw8",
			"interleavingEnable":	1,
			"jblfABThreshold":	10,
			"jblfApplyFlag":	1,
			"jblfExponentialTerm":	5,
			"jblfGaussianSigma":	10,
			"jblfMaxEdge":	12,
			"jblfWindowSize":	5,
			"partialDepthEnable":	0,
			"phaseInvalid":	0,
			"radialThreshMax":	10000,
			"radialThreshMin":	100
		},
		"configuration-parameters":	{
			"fps":	40,
			"headerSize":	128,
			"xyzEnable":	1
		}
	},
	"8":	{
		"depth-compute":	{
			"abThreshMin":	20,
			"bitsInAB":	16,
			"bitsInConf":	8,
			"bitsInPhaseOrDepth":	16,
			"confThresh":	25,
			"depthComputeIspEnable":	1,
			"inputFormat":	"raw8",
			"interleavingEnable":	1,
			"jblfABThreshold":	10,
			"jblfApplyFlag":	1,
			"jblfExponentialTerm":	5,
			"jblfGaussianSigma":	10,
			"jblfMaxEdge":	12,
			"jblfWindowSize":	5,
			"partialDepthEnable":	0,
			"phaseInvalid":	0,
			"radialThreshMax":	10000,
			"radialThreshMin":	100
		},
		"configuration-parameters":	{
			"fps":	40,
			"headerSize":	128,
			"xyzEnable":	1
		}
	},
	"9":	{
		"depth-compute":	{
			"abThreshMin":	20,
			"bitsInAB":	16,
			"bitsInConf":	8,
			"bitsInPhaseOrDepth":	16,
			"confThresh":	25,
			"depthComputeIspEnable":	1,
			"inputFormat":	"raw8",
			"interleavingEnable":	1,
			"jblfABThreshold":	10,
			"jblfApplyFlag":	1,
			"jblfExponentialTerm":	5,
			"jblfGaussianSigma":	10,
			"jblfMaxEdge":	12,
			"jblfWindowSize":	5,
			"partialDepthEnable":	0,
			"phaseInvalid":	0,
			"radialThreshMax":	10000,
			"radialThreshMin":	100
		},
		"configuration-parameters":	{
			"fps":	40,
			"headerSize":	128,
			"xyzEnable":	1
		}
	},
	"10":	{
		"depth-compute":	{
			"abThreshMin":	0,
			"bitsInAB":	0,
			"bitsInConf":	0,
			"bitsInPhaseOrDepth":	0,
			"confThresh":	0,
			"depthComputeIspEnable":	0,
			"inputFormat":	"mipiRaw12_8",
			"interleavingEnable":	0,
			"jblfABThreshold":	0,
			"jblfApplyFlag":	0,
			"jblfExponentialTerm":	0,
			"jblfGaussianSigma":	0,
			"jblfMaxEdge":	0,
			"jblfWindowSize":	0,
			"partialDepthEnable":	0,
			"phaseInvalid":	0,
			"radialThreshMax":	0,
			"radialThreshMin":	0
		},
		"configuration-parameters":	{
			"fps":	15,
			"headerSize":	0,
			"xyzEnable":	0
		}
	}
}